Question,Answer
"Can I file a prostitution complaint anonymously?","Yes, you can report any illegal activity, including prostitution, anonymously through our tip line or an online reporting system. Your identity will be kept confidential to the extent permitted by law."
"What should I do if I witness police misconduct?","If you observe misconduct, you can report it directly to the internal affairs division of the police department or file a complaint through our website. It's important to provide as much detail as possible for an effective investigation."
"Can I request a police escort for personal safety?","Yes, if you feel unsafe, you can request a police escort to your vehicle, home, or another location. Just ask an officer at the station or call for assistance."
"What should I do if I receive a threatening message online?","Document the messages and report them to the police as soon as possible. You can also consider reporting the threat to the platform where the messages were received."
"How can I help my community reduce crime?","You can participate in neighborhood watch programs, attend community meetings, and report any suspicious activities to the police. Your involvement is crucial for maintaining a safe community."
"Can I report cyberbullying to the police?","Yes, you can report incidents of cyberbullying, especially if it involves threats or harassment. Bring any evidence you have, such as screenshots or messages, to help with the investigation."
"Is there a way to report hate crimes anonymously?","Absolutely. Hate crimes can be reported anonymously through our tip line or online reporting forms. We take these reports seriously and will investigate accordingly."
"What resources are available for individuals struggling with addiction?","We can provide information about local treatment programs and support services. You can also speak with an officer who can connect you to community resources."
"Can I request a police presence for a community event?","Yes, you can request a police presence for community events for safety and security. It’s best to contact the police department in advance to arrange for officers to attend."
"What happens if I accidentally call 100 or 112?","If you accidentally call 100 or 112, stay on the line and explain that it was a mistake. It’s important to confirm there is no emergency, as dispatchers may send officers if they cannot reach you."
"How do I know if a police officer is legitimate?","Ask for their badge number and identification. You can also call the police station to verify their credentials."
"What should I do if I’m pulled over while driving?","Stay calm, pull over safely, and keep your hands visible. Wait for instructions from the officer, and provide requested documents like your license and registration."
"Can I refuse to answer questions during a traffic stop?","Yes, you have the right to remain silent. However, you must provide identification and other requested documents if asked."
"What is the difference between being detained and being arrested?","Detention is a temporary hold for questioning, while an arrest means you are being taken into custody based on suspicion of a crime."
"What should I do if I see someone being detained by the police?","Stay at a safe distance and avoid interfering. If you’re concerned, you can film the incident, as long as it doesn’t obstruct the officers."
"Can the police search my car without a warrant?","Police can search your car without a warrant if they have probable cause, such as the smell of illegal substances or visible contraband."
"How do I report police harassment or abuse?","File a complaint with internal affairs or a civilian oversight body. Document everything, including names, badge numbers, and the details of the incident."
"What should I do if I’m asked to be a witness in a trial?","You must attend if subpoenaed. Prepare by reviewing your statement, and be honest and direct when answering questions."
"Can I record my interaction with a police officer?","Yes, in most jurisdictions, you are legally allowed to record police officers in public spaces, as long as you do not interfere with their duties."
"What should I do if I believe a police officer is being rude or unfair?","Remain calm and cooperative. Document the incident afterward and consider filing a formal complaint if you feel your rights were violated."
"What is community policing?","Community policing involves collaboration between the police and community members to solve problems and build trust. It includes increased police presence at community events and problem-solving initiatives."
"How do I report a missing person?","Contact your local police station immediately. Provide detailed information, including the person's description, recent activities, and any places they might be."
"What should I do if I am a victim of identity theft?","Report the theft to the police, your bank, and credit agencies. Provide as much information as possible, such as fraudulent transactions and any documentation."
"How can I find legal aid if I cannot afford a lawyer?","Many areas have legal aid societies or public defenders that offer free or low-cost services. Police may also provide contact information for local resources."
"What should I do if I have a mental health crisis and need police assistance?","Call the police and explain that it is a mental health emergency. Some police departments have specially trained officers or crisis intervention teams to handle such situations."
"Can I report a crime that happened in another jurisdiction?","Yes, you can make the initial report to your local police, who will coordinate with the appropriate jurisdiction. However, you may be directed to contact the other jurisdiction directly."
"What is probable cause?","Probable cause is a reasonable belief, based on facts, that a person has committed a crime. It is required for police to make an arrest, conduct a search, or obtain a warrant."
"How do I report a business for illegal activity?","Visit the police station or use a hotline to report illegal activities at a business, such as selling contraband or human trafficking. You may be able to do so anonymously."
"Can I refuse to answer questions during an investigation at my home?","Yes, you have the right to remain silent and ask to speak with a lawyer before answering any questions."
"How can I protect myself from false accusations?","Document your activities, keep receipts, witnesses, and any evidence that could prove your whereabouts and actions."
"What happens during a police interview?","During an interview, the police will ask questions about what you know about a crime. You have the right to have a lawyer present, and you should answer honestly or exercise your right to remain silent."
"What is Miranda Rights, and when do they apply?","Miranda Rights inform you of your right to remain silent and have an attorney during police questioning. They apply when you are in police custody and being interrogated."
"How can I get property returned that was held as evidence?","You can request the return of property by contacting the police department or prosecutor’s office handling the case. Once the investigation concludes, they may release it to you."
"What should I do if I feel unsafe but don’t have an emergency?","You can request a wellness check from the police or inquire about non-emergency safety programs, such as community patrols or watch groups."
"Can police track my phone without a warrant?","Generally, police need a warrant to track your phone, except in certain emergency situations. If you’re concerned, you should seek legal advice."
"How do I dispute a traffic ticket issued by a police officer?","You can dispute a ticket by pleading not guilty in court. The police officer who issued the ticket will be present, and you can present your case before a judge."
"Can I report a crime online instead of going to a police station?","Many police departments offer online reporting systems for non-emergency crimes, such as vandalism or theft, without an immediate threat to safety."
"What are my rights during a police raid?","You have the right to see a search warrant, remain silent, and request an attorney. You should not interfere with the officers while they conduct the raid."
"What should I do if I see a suspicious vehicle in my neighborhood?","Take note of the vehicle's details (license plate, make, model, color) and report it to the police. You can also notify your neighborhood watch group."
"How do I become part of a neighborhood watch program?","Contact your local police department for information on how to join or start a neighborhood watch program in your community."
"How do I report someone violating a restraining order?","Call the police immediately if you witness a restraining order violation. Provide details about the incident, including the individual’s actions and any evidence."
"Can I check on someone in police custody?","Yes, you can contact the police station or detention facility to inquire about a person’s custody status, but you may need to provide personal identification information."
"What is the process if I want to sue the police for misconduct?","You would need to consult a lawyer to file a civil lawsuit against the police for misconduct. You should document everything related to the incident."
"How do I respond if the police come to my door without a warrant?","Unless there is an immediate emergency, you can refuse entry if the police do not have a warrant. Politely ask the officers for the reason for their visit and inform them you would prefer to speak outside."
"How can I contact the police anonymously?","Most police departments have tip lines or online forms that allow you to report information anonymously."
"Can I decline to answer questions at a DUI checkpoint?","You can decline to answer specific questions, but you must provide your driver’s license and registration if requested. It’s best to remain polite during these interactions."
"How do I file a police report for a stolen item?","Visit your local police station or their website to file a report. Provide as much detail as possible, including descriptions and serial numbers."
"Can I request a copy of a police report?","Yes, you can request a copy of a police report by contacting the police department. There may be a fee for the report, and you might need to provide identification."
"What are my rights if I’m arrested?","You have the right to remain silent, the right to an attorney, and the right to be informed of the charges against you."
"What should I do if I believe I have been wrongfully arrested?","Document everything about the arrest, including time, place, and names of officers. Contact a lawyer to discuss your options."
"Can I take legal action against someone who files a false police report?","Yes, you can file a civil lawsuit for defamation or other claims related to the false report. Consult a lawyer for advice."
"What is the role of a police officer?","Police officers enforce the law, prevent crime, investigate incidents, and provide assistance to the community."
"Can I request a police officer to help me with a domestic dispute?","Yes, you can call the police to intervene in a domestic dispute. They are trained to handle such situations sensitively and safely."
"What should I do if I feel threatened by someone?","Contact the police immediately. Provide them with as much information as possible about the situation and the person involved."
"How can I get information about a police officer’s background?","You can request information through the police department or relevant state agencies that maintain records on law enforcement officers."
"Can I file a noise complaint?","Yes, you can file a noise complaint with the local police department or municipal code enforcement."
"What should I do if I’m a victim of human trafficking?","Contact the police or a specialized trafficking hotline. You may also seek help from local advocacy organizations."
"How can I find out if there are any active warrants for my arrest?","You can check with your local police department or court records. Some jurisdictions also offer online databases."
"What happens to my case after I report a crime?","After you report a crime, the police will investigate, which may involve gathering evidence and interviewing witnesses."
"Can I request a polygraph test?","You can request a polygraph test, but it's typically conducted as part of an investigation rather than at your discretion."
"What should I do if I have a complaint about a police officer?","You can file a complaint with the police department’s internal affairs division or a civilian review board."
"How can I protect my home from burglaries?","Consider installing security systems, using proper lighting, securing doors and windows, and getting to know your neighbors."
"What is a protective order, and how can I obtain one?","A protective order is a legal document that restricts contact from an individual. You can obtain one through the court system."
"Can I refuse to participate in a police lineup?","If you are a witness, you may not refuse, but you can express concerns. If you are a suspect, consult a lawyer before participating."
"How can I get involved in local police activities?","Contact your local police department to inquire about community programs, volunteer opportunities, or citizen police academies."
"What should I do if I’m a victim of a hate crime?","Report it to the police immediately, and document any evidence. Seek support from local organizations that assist hate crime victims."
"Can I have my criminal record expunged?","In some cases, you can have your criminal record expunged or sealed. Check with your state’s laws and consult a lawyer for guidance."
"What happens if I don’t comply with a police officer’s request?","Failing to comply can result in further legal consequences, including arrest. It’s best to remain calm and cooperate."
"How do I find out about local crime trends?","Check your local police department’s website for crime statistics and reports. Many departments publish monthly or annual crime summaries."
"What should I do if I’m experiencing harassment?","Document the harassment, gather evidence, and report it to the police. Consider seeking legal advice for further action."
"Can police officers search my home without a warrant?","Generally, police need a warrant to search your home unless there are exigent circumstances that justify a warrantless search."
"What should I do if I believe my civil rights have been violated by the police?","Consult a lawyer to discuss the incident and your rights. You may be able to file a complaint or a lawsuit."
"How can I report drug-related activity in my neighborhood?","You can report it to the police department or an anonymous tip line. Provide as much detail as possible to assist with the investigation."
"What is a citizen’s arrest?","A citizen’s arrest allows an individual to detain someone they believe has committed a crime, but it must be done lawfully and carefully."
"Can I refuse to take a breathalyzer test?","While you can refuse, there may be legal penalties, including license suspension, depending on your state’s laws."
"What should I do if I find a lost item?","Turn it in to the local police department. They will attempt to reunite the item with its owner."
"How do I obtain a firearm permit?","The process varies by state. Contact your local law enforcement agency for specific requirements and application forms."
"What should I do if I suspect someone is driving under the influence?","Call the police and provide details about the vehicle and its location. Your report can help prevent potential accidents."
"Can I sue the police for false imprisonment?","If you believe you were wrongfully detained, you may have grounds for a lawsuit. Consult a lawyer for legal advice."
"How do I file a complaint against a police department?","File your complaint with the internal affairs division or civilian oversight board of the police department."
"What are the legal obligations of police officers during an arrest?","Officers must inform you of the charges, use reasonable force, and respect your rights throughout the arrest process."
"How can I find out more about my rights during a police encounter?","Visit legal aid websites, consult a lawyer, or attend community workshops focused on civil rights and law enforcement interactions."
"What should I do if I see someone shoplifting?","You can report it to store security or the police. Do not confront the person yourself; provide details about the incident instead."
"How can I find out about police department policies?","You can request information through public records or visit the police department’s website for policy documents."
"Can I have an attorney present during police questioning?","Yes, you have the right to an attorney. You should request one if you feel uncomfortable answering questions."
"What happens if I miss a court date?","Missing a court date can result in a warrant for your arrest. It's important to contact the court as soon as possible to explain the situation."
"How do I report a scam or fraud?","Contact the police department or local consumer protection agency. Provide details about the scam and any evidence you have."
"Can I ask the police to perform a wellness check on someone?","Yes, you can request a wellness check if you are concerned about someone’s safety. The police will assess the situation."
"What are my rights during a police traffic stop?","You have the right to remain silent, the right to ask if you are free to leave, and the right to request an attorney."
"What is the purpose of a police citation?","A citation is issued for minor violations, allowing the offender to pay a fine or contest the violation in court rather than being arrested."
"How can I find information on local sex offenders?","Check your state’s sex offender registry website, where you can search for offenders by name or address."
"What should I do if I’m accused of a crime I didn’t commit?","Document everything, gather evidence, and consult a lawyer immediately to defend yourself."
"Can I request police records about a specific incident?","Yes, you can request police reports or records, but some information may be redacted for privacy reasons."
"What should I do if I see police officers using excessive force?","Document the incident, take video if safe, and report it to internal affairs or a civilian oversight board."
"How can I get involved in crime prevention initiatives?","Contact your local police department for information about programs like neighborhood watch or community policing efforts."
"What are my options if I’m facing a domestic violence situation?","Seek help from a domestic violence shelter, contact the police, and consider obtaining a protective order against the abuser."
"Can the police enter my property without a warrant?","Police generally need a warrant to enter your property unless there are exigent circumstances or you give consent."
"What should I do if I’m stopped by the police while walking?","Remain calm, be respectful, and ask if you are free to go. You can choose to answer their questions or decline to speak."
"How do I file a complaint about noise from neighbors?","Contact your local police department or neighborhood association to report ongoing noise disturbances."
"What are the steps to take if I’m a victim of credit card fraud?","Report the fraud to your bank and the police. You may also want to check your credit report for additional fraudulent activities."
"Can I be arrested for not having identification on me?","While not having ID may lead to detention, it’s not necessarily an arrest. Police may still require your name and address."
"What should I do if I encounter an aggressive panhandler?","Avoid confrontation and move away. If you feel threatened, contact the police for assistance."
"How do I report a police officer who I believe is acting improperly?","File a complaint with the police department’s internal affairs or civilian oversight board with specific details of the incident."
"What rights do I have if I’m stopped by immigration officers?","You have the right to remain silent, the right to request legal counsel, and the right to ask if you are free to leave."
"Can I request to speak to a supervisor if I’m unhappy with a police officer’s conduct?","Yes, you can ask to speak to a supervisor or file a formal complaint with the department."
"What should I do if I’m involved in a minor car accident?","Ensure everyone is safe, exchange insurance information, and report the accident to the police if necessary."
"Can police officers issue tickets for minor traffic violations?","Yes, police can issue tickets for violations such as speeding, running a stop sign, or driving without a seatbelt."
"What is the process for obtaining a restraining order?","Visit your local courthouse and fill out the necessary forms. A judge will review your request and may grant a hearing."
"How do I report an abandoned vehicle?","Contact your local police department or municipal office to report the vehicle and provide its location."
"Can I file a lawsuit against the police for wrongful arrest?","Yes, you can file a lawsuit for wrongful arrest if you believe your rights were violated. Consult a lawyer for assistance."
"What should I do if I’m served with a subpoena?","Read the subpoena carefully and consult a lawyer to understand your obligations and rights regarding the request."
"How can I find out about police department community programs?","Visit your local police department’s website or contact them directly to learn about available community programs and initiatives."
"Can I request an officer to accompany me to retrieve my belongings from an ex-partner?","Yes, you can request an officer for safety during such situations. It’s advisable to contact the police beforehand."
"How do I report a lost or stolen firearm?","Report it to the police immediately, providing all relevant details such as make, model, and serial number."
"What happens if I’m found in violation of parole or probation?","You may face additional legal consequences, including revocation of parole or probation and possible jail time."
"Can police officers be sued for misconduct?","Yes, police officers can be sued for misconduct under federal and state laws, though the process can be complex."
"How do I know if a vehicle is stolen?","Check local police databases or contact the police department with the vehicle's VIN to verify its status."
"What should I do if I’m a victim of workplace harassment?","Report the harassment to your employer and document all incidents. If necessary, consider filing a complaint with law enforcement."
"How can I protect myself from identity theft?","Keep personal information secure, monitor your credit report regularly, and use strong passwords for online accounts."
"Can I refuse to let police search my phone?","Yes, you can refuse unless they have a warrant or exigent circumstances. It's important to clearly communicate your refusal."
"What are the legal consequences of vandalism?","Vandalism can lead to criminal charges, fines, and restitution for damages. Repeat offenders may face harsher penalties."
"What should I do if I’m involved in a high-speed chase with police?","Stop your vehicle safely as soon as possible. Attempting to flee can lead to severe legal consequences."
"Can I be charged with obstruction of justice?","Yes, if you knowingly interfere with a police investigation, you can be charged with obstruction of justice."
"How can I find out about a specific crime in my area?","Check your local police department’s website for crime reports or community updates."
"What should I do if I find illegal drugs?","Do not handle them. Contact the police immediately and inform them of your discovery."
"What should I do if I’m involved in a hit-and-run accident?","Gather as much information as possible about the other vehicle and driver, and report the incident to the police immediately."
"Can police officers enter my home without my consent?","Generally, police need a warrant, but they can enter without consent in emergencies or if they see a crime occurring."
"What steps should I take if I’m being stalked?","Document all incidents, report to the police, and consider obtaining a restraining order for your protection."
"How do I file a report for a missing person?","Contact the police department as soon as possible. Provide detailed information about the person and any relevant circumstances."
"Can I take photos of police during an arrest?","Yes, you can take photos, but be respectful and do not interfere with police activities. Ensure your safety first."
"What should I do if I’m a witness to a crime?","Report what you saw to the police and provide as much detail as possible to assist with the investigation."
"How can I find out about local police department funding?","Check your local government’s budget reports or the police department’s website for information on funding sources."
"Can I request a police report for an incident I was involved in?","Yes, you can request a copy of the police report from the department. There may be a waiting period depending on the case."
"What are the rights of victims of crime?","Victims have the right to be informed about the progress of their case, to receive support services, and to be treated with respect."
"How do I report a traffic violation I witnessed?","Contact the local police department and provide details about the incident, including the time, location, and description of the vehicle."
"What should I do if I’m arrested for a DUI?","Remain calm, cooperate with the officers, and request a lawyer. Do not make any statements until you have legal representation."
"Can I report a crime anonymously?","Yes, many police departments have anonymous tip lines or online reporting systems to encourage reporting without revealing your identity."
"How can I assist a friend who is facing criminal charges?","Encourage them to seek legal counsel and provide emotional support. Help them gather any evidence they may need."
"What are my rights if I’m detained by police?","You have the right to know why you are being detained, the right to remain silent, and the right to legal counsel."
"What steps should I take if I’m being bullied at school?","Report the bullying to school authorities and document incidents. If it continues, consider involving law enforcement."
"Can police seize my property?","Yes, police can seize property if it’s related to a crime or if they have a valid warrant. Consult a lawyer for more information."
"What do I do if I receive a subpoena to appear in court?","Read the subpoena carefully, and consult a lawyer if you have questions about your obligations and rights."
"Can I attend my friend’s court hearing?","Yes, court hearings are generally public. However, check the specific rules for the court or case type."
"What should I do if I find out someone is carrying a concealed weapon?","Report it to the police immediately, providing as much detail as possible about the situation and the individual."
"How do I appeal a traffic ticket?","Follow the instructions on the ticket for contesting it, which usually involves requesting a hearing or submitting a written appeal."
"What happens if I’m found guilty of a misdemeanor?","You may face penalties including fines, community service, probation, or a short jail sentence, depending on the offense."
"What should I do if I encounter a police roadblock?","Remain calm, follow the officers’ instructions, and provide any requested documentation such as your driver’s license."
"Can police officers conduct a search without my consent?","Generally, they need a warrant unless there are exigent circumstances or you give them permission to search."
"What should I do if I suspect a neighbor is involved in illegal activity?","Document your observations and report your suspicions to the police or local authorities."
"Can I request police assistance for a mental health crisis?","Yes, you can call the police for help during a mental health crisis. They can connect you with appropriate resources."
"How do I report police harassment?","Document the incidents and file a formal complaint with the police department’s internal affairs division."
"What is the process for getting a police clearance certificate?","Contact your local police department and inquire about the application process and any required documentation."
"How can I protect myself from online scams?","Be cautious of unsolicited messages, do not share personal information, and report any suspicious activity to the police."
"What should I do if I’m a victim of identity theft?","Report it to the police, your bank, and credit bureaus. Document everything and take steps to protect your identity."
"Can I request a police presence for personal security?","Yes, you can request a police presence for safety during specific situations, such as an event or community gathering."
"What happens if I’m found in contempt of court?","You may face penalties such as fines or jail time, depending on the nature of the contempt."
"How can I find out if my car has been towed?","Contact your local police department or towing company to locate your vehicle and understand the reason for the tow."
"What should I do if I’m involved in a protest?","Know your rights, remain peaceful, and follow any instructions from law enforcement. Document any interactions with police."
"Can I be charged with a crime if I’m acting in self-defense?","You may have legal protection if you can prove you acted in reasonable self-defense. Consult a lawyer for guidance."
"What should I do if my car is vandalized?","Report the incident to the police and document any damage with photos. You may also need to file a claim with your insurance."
"Can I request a police officer to check on my elderly neighbor?","Yes, you can request a wellness check for your neighbor if you are concerned about their safety."
"What are my rights if I’m arrested?","You have the right to remain silent, the right to an attorney, and the right to be informed of the charges against you."
"What should I do if I’m being followed?","Stay in a public area, call 911 if you feel threatened, and consider seeking help from nearby people or businesses."
"How can I find a lawyer to help with my case?","You can ask for referrals from friends or family, contact your local bar association, or search online legal directories."
"What happens if I miss a payment on a court-ordered fine?","Failure to pay can result in additional penalties, including wage garnishment or jail time. Contact the court to discuss options."
"Can police officers conduct traffic stops without probable cause?","No, officers typically need probable cause or reasonable suspicion to conduct a traffic stop."
"What should I do if I’m accused of a crime on social media?","Do not engage in online arguments. Consult a lawyer to discuss the best course of action."
"How do I report a police officer for misconduct?","You can file a complaint with the police department's internal affairs or civilian review board, providing specific details of the incident."
"Can I get a copy of a police report for an incident I witnessed?","Yes, you can request a copy from the police department, though there may be restrictions if the case is ongoing."
"What should I do if I’m being harassed at work?","Report the harassment to your supervisor or HR department and document all incidents for your records."
"Can police search my car during a traffic stop?","Yes, if they have probable cause or if you consent to the search. Otherwise, they typically need a warrant."
"What happens if I’m wrongfully convicted?","You can seek post-conviction relief, file an appeal, or pursue compensation through legal channels, depending on your case."
"How can I prepare for a police interview?","Be calm, gather any relevant documents, and consider consulting a lawyer before the interview."
"What are the penalties for drug possession?","Penalties vary by state and the amount of the substance but can include fines, probation, or jail time."
"How can I report an illegal gambling operation?","Contact your local police department or gambling commission with information about the operation."
"Can I refuse to answer questions from the police?","Yes, you have the right to remain silent and to request an attorney before answering questions."
"What should I do if I’m a victim of cybercrime?","Report it to the police, document all evidence, and consider notifying your bank or other relevant organizations."
"How do I know if a traffic ticket is valid?","Review the ticket details, and if you believe it's incorrect, you can contest it in court."
"What should I do if I’m feeling unsafe in my neighborhood?","Contact your local police department for advice and consider joining or forming a neighborhood watch program."
"Can police officers pull me over for minor infractions?","Yes, officers can stop you for any observed violation, even minor ones, like a broken taillight."
"What happens if I’m arrested for shoplifting?","You may be issued a citation, face criminal charges, or be banned from the store, depending on the circumstances."
"How do I report a noise complaint?","Contact your local police department or community noise control office to report ongoing disturbances."
"Can I be arrested for missing jury duty?","Yes, failing to appear for jury duty can result in fines or other penalties. Contact the court if you cannot attend."
"What steps can I take if I’m being falsely accused?","Gather evidence, document everything, and consult a lawyer to help defend against the accusations."
"How can I request a police report for an incident I was involved in?","Contact the police department where the report was filed and provide details such as the incident date and report number."
"Can I request a background check on myself?","Yes, you can request a personal background check from your local police department or online services."
"What are the steps to take if my child is missing?","Immediately contact the police, provide detailed information, and spread the word through social media and community channels."
"What should I do if I encounter a police officer at a protest?","Remain calm, comply with their requests, and know your rights regarding free speech and assembly."
"Can I be arrested for trespassing on my own property?","It depends on the circumstances, such as if you have been banned from the property or if it is a rental."
"What are the consequences of filing a false police report?","Filing a false report is a crime and can result in criminal charges, fines, and possible jail time."
"What should I do if I see a suspicious person in my neighborhood?","Report your observations to the police and provide as much detail as possible about the individual and their actions."
"Can police officers ask for my ID without a reason?","Generally, they cannot ask for ID without reasonable suspicion or probable cause unless you are driving."
"What should I do if I’m a victim of domestic violence?","Call 911 or your local domestic violence hotline for immediate assistance. Create a safety plan and seek legal help."
"Can police officers be held liable for misconduct?","Yes, police officers can face civil suits and disciplinary actions for misconduct, depending on the circumstances."
"What are my rights during a police search?","You have the right to know the reason for the search and can ask to see a warrant if applicable."
"How do I report a suspicious package?","Contact your local police department immediately and avoid handling the package."
"What should I do if I’m wrongly accused of harassment?","Document all interactions, communicate clearly, and consult a lawyer for legal guidance."
"Can police officers conduct sobriety checkpoints?","Yes, police can set up checkpoints to check for impaired drivers, provided they follow legal protocols."
"What happens if I don’t show up for court?","You may face a bench warrant for your arrest and additional charges or penalties."
"How can I obtain a restraining order?","Visit your local courthouse or legal aid office to get the necessary forms and guidance on filing."
"What should I do if I find lost property?","Turn it in to the local police department and report where you found it."
"Can police ask for my phone password?","Generally, you are not required to provide your password without a warrant, but consult a lawyer for specific cases."
"What are the laws regarding noise complaints?","Laws vary by location, but generally, local ordinances outline acceptable noise levels and hours."
"What steps should I take if I feel unsafe at home?","Consider reaching out to local domestic violence shelters, seek a protective order, and contact law enforcement."
"How can I find out if someone has a criminal record?","Contact your local police department or check online databases, though there may be fees or restrictions."
"What should I do if I’m approached by a scammer?","Remain calm, do not engage, and report the incident to the police or consumer protection agency."
"Can police officers take my vehicle during a traffic stop?","Yes, they can impound your vehicle for various reasons, such as lack of registration or outstanding warrants."
"What should I do if I feel threatened by a neighbor?","Document the incidents and report your concerns to the police for assistance."
"How can I find resources for crime victims?","Local police departments often provide resources, or you can contact victim advocacy organizations for help."
"What is the process for appealing a conviction?","Consult your lawyer to understand the grounds for appeal and the steps necessary to file."
"What should I do if I lose my wallet with my ID?","Report it to the police and your bank, and take steps to monitor for identity theft."
"Can I refuse to consent to a police search?","Yes, you have the right to refuse a search unless the officer has a warrant or probable cause."
"What should I do if I suspect human trafficking?","Report your concerns to the police or local human trafficking hotlines immediately."
"Can police enter my home without a warrant if they hear screaming?","Yes, officers may enter without a warrant if they believe there is an immediate threat to life."
"How can I obtain a police clearance for employment?","Contact your local police department and follow their procedure for requesting a background check."
"What should I do if my child is being bullied online?","Document the bullying, report it to the platform, and talk to your child about safety measures."
"Can I report a crime that happened in another jurisdiction?","Yes, you can report it to the local police, who can assist or direct you to the appropriate agency."
"What are the penalties for a DUI conviction?","Penalties can include fines, license suspension, mandatory alcohol education, or jail time, depending on the case."
"What steps should I take if I find a weapon?","Do not touch it; instead, contact the police immediately and provide information about its location."
"Can police officers enter a business without a warrant?","Yes, in certain situations, such as emergencies or when the owner consents, police may enter without a warrant."
"What should I do if I suspect someone is using drugs in my neighborhood?","Report your observations to the police, providing as much detail as possible for their investigation."
"How can I get a copy of my police report?","Request a copy from the police department that handled your case, usually requiring some identification."
"What should I do if I’m called for jury duty?","Check your eligibility, confirm your attendance, and inform the court if you have any conflicts."
"Can I be arrested for public intoxication?","Yes, you can be arrested if you are a danger to yourself or others due to intoxication in public."
"How do I report an abandoned vehicle?","Contact your local police department or city services to report the location and description of the vehicle."
"What should I do if I see police using excessive force?","Document the incident and file a complaint with the police department or local oversight body."
"Can I get arrested for being in the wrong place at the wrong time?","While being in a location is not illegal, you can be detained if police have reasonable suspicion of criminal activity."
"What is the process for filing a police report?","Visit your local police station or file online, providing as much detail as possible about the incident."
"How can I access public records from the police department?","You can request public records through the police department's records division, often requiring a formal request."
"What should I do if I encounter a roadblock?","Follow the directions given by the officers, and provide any necessary documentation they request."
"Can police officers ask for my immigration status?","Generally, officers should focus on criminal activity rather than immigration status, but laws may vary by location."
"What are my rights during a traffic stop?","You have the right to remain silent, ask if you are free to leave, and request an attorney if arrested."
"How can I file a complaint against an officer?","You can submit a formal complaint to the police department's internal affairs or a civilian review board."
"What should I do if I find out my identity has been stolen?","Report it to the police, monitor your accounts for suspicious activity, and notify your financial institutions."
"Can I attend a police academy?","Yes, many police departments offer community programs that allow citizens to attend and learn about law enforcement."
"What should I do if I see a hit-and-run accident?","Report it to the police immediately, providing as many details as possible about the vehicles and situation."
"Can police search my phone during a stop?","Typically, they need a warrant to search your phone, but there may be exceptions in emergencies."
"What happens if I get a ticket in another state?","You will typically be required to pay the ticket, and it may affect your driving record depending on the state."
"How do I report a hate crime?","Contact the police and provide detailed information about the incident, including any evidence or witnesses."
"What should I do if I receive a subpoena?","Review the document carefully and consult with a lawyer to understand your rights and obligations."
"Can police officers use my statements against me?","Yes, anything you say can be used in court, which is why it's important to remain silent until you have legal representation."
"How do I prepare for a court hearing?","Gather all necessary documents, review your case with your lawyer, and be prepared to present your side clearly."
"What should I do if my property is seized by the police?","Contact the police department for information on how to retrieve your property and the legal grounds for the seizure."
"Can I get a police officer's badge number?","Yes, you can request the badge number, which is usually displayed on their uniform or can be provided upon request."
"What should I do if I receive a threatening phone call?","Document the call, avoid engaging, and report it to the police as soon as possible."
"How can I report a sexual assault?","Seek medical attention immediately, and report the incident to the police or a sexual assault hotline."
"Can police officers use force to make an arrest?","Yes, police may use reasonable force if necessary to make an arrest or protect themselves or others."
"What happens if I refuse a breathalyzer test?","Refusing a breathalyzer may result in automatic penalties, including license suspension, depending on local laws."
"How do I get a traffic accident report?","You can request a copy from the police department that handled the accident, usually for a fee."
"What should I do if I’m involved in a fender bender?","Exchange information with the other driver, document the scene, and file a report with the police if necessary."
"Can I request an interpreter during police interactions?","Yes, you can request an interpreter if needed to ensure clear communication."
"What should I do if I think I’m being followed?","Trust your instincts, seek help in a public area, and call 911 if you feel threatened."
"How can I support my local police department?","Participate in community programs, attend public meetings, and engage in community policing initiatives."
"Can police officers ask for my Social Security number?","You may be asked for it in specific situations, such as during a traffic stop or when applying for a background check."
"What steps can I take to prevent vehicle theft?","Use steering wheel locks, park in well-lit areas, and install anti-theft devices to secure your vehicle."
"What should I do if I witness a robbery?","Stay safe, observe details without intervening, and report the incident to the police as soon as possible."
"How can I protect myself from false accusations?","Document your activities, keep receipts, witnesses, and any evidence that could prove your whereabouts and actions."
"What happens during a police interview?","During an interview, the police will ask questions about what you know about a crime. You have the right to have a lawyer present, and you should answer honestly or exercise your right to remain silent."
"What is Miranda Rights, and when do they apply?","Miranda Rights inform you of your right to remain silent and have an attorney during police questioning. They apply when you are in police custody and being interrogated."
"How can I get property returned that was held as evidence?","You can request the return of property by contacting the police department or prosecutor’s office handling the case. Once the investigation concludes, they may release it to you."
"What should I do if I feel unsafe but don’t have an emergency?","You can request a wellness check from the police or inquire about non-emergency safety programs, such as community patrols or watch groups."
"Can police track my phone without a warrant?","Generally, police need a warrant to track your phone, except in certain emergency situations. If you’re concerned, you should seek legal advice."
"How do I dispute a traffic ticket issued by a police officer?","You can dispute a ticket by pleading not guilty in court. The police officer who issued the ticket will be present, and you can present your case before a judge."
"Can I report a crime online instead of going to a police station?","Many police departments offer online reporting systems for non-emergency crimes, such as vandalism or theft, without an immediate threat to safety."
"What are my rights during a police raid?","You have the right to see a search warrant, remain silent, and request an attorney. You should not interfere with the officers while they conduct the raid."
"What should I do if I see a suspicious vehicle in my neighborhood?","Take note of the vehicle's details (license plate, make, model, color) and report it to the police. You can also notify your neighborhood watch group."
"How do I become part of a neighborhood watch program?","Contact your local police station for information on how to join or start a neighborhood watch program in your community."
"How do I report someone violating a restraining order?","Call the police immediately if you witness a restraining order violation. Provide details about the incident, including the individual’s actions and any evidence."
"Can I check on someone in police custody?","Yes, you can contact the police station or detention facility to inquire about a person’s custody status, but you may need to provide personal identification information."
"What is the process if I want to sue the police for misconduct?","You would need to consult a lawyer to file a civil lawsuit against the police for misconduct. You should document everything related to the incident."
"How do I respond if the police come to my door without a warrant?","Unless there is an immediate emergency, you can refuse entry if the police do not have a warrant. Politely ask the officers for the reason for their visit and inform them you would prefer to speak outside."
"How can I contact the police anonymously?","Most police departments have tip lines or online forms that allow you to report information anonymously."
"Can I decline to answer questions at a DUI checkpoint?","You can decline to answer specific questions, but you must provide your driver’s license and registration if requested. It’s best to remain polite during these interactions."
"How do I handle being questioned at the scene of an accident?","Provide your license, registration, and insurance information. Be truthful, but avoid admitting fault, as that can have legal consequences."
"Can I get a receipt for my property if it’s confiscated by the police?","Yes, the police should provide a receipt listing the confiscated items, especially if they are held as evidence."
"How do I report harassment if it’s not an emergency?","You can call the non-emergency police number or visit your local police station to report harassment."
"What is community mediation, and how can it be used instead of police intervention?","Community mediation is an alternative dispute resolution where trained mediators help conflicting parties reach an agreement without police involvement. It’s suitable for minor disputes or neighborhood conflicts."
"Can I press charges against someone for trespassing on my property?","Yes, trespassing is a crime, and you can report it to the police. They will investigate, and charges can be pressed if evidence supports the claim."
"How can I find out about police programs for youth?","Contact your local police department or visit their website for information on community outreach programs like youth academies, sports events, or educational initiatives."
"What should I do if I am a tourist and need police assistance?","Visit the nearest police station or call the local emergency number. If there is a language barrier, you can request a translator or consular assistance."
"How do I handle a situation where the police want to question my child?","You have the right to be present during the questioning, and you can request a lawyer for your child. It’s crucial to ensure that the questioning is done appropriately."
"Can I file a report if I was a victim of a scam online?","Yes, online scams can be reported to the police. Provide all relevant information, such as transaction records, messages, and any other evidence."
"What can I do if I believe I was profiled by the police?","Document the incident, including the time, location, and officers involved. You can file a complaint with the police department or civil rights organization."
"How do I find out if there are community policing officers assigned to my area?","Contact your local police department and inquire about community policing programs or officers dedicated to your neighborhood."
"What steps should I take if I need police assistance but am afraid of deportation?","Many police departments prioritize public safety over immigration status. You can contact local advocacy groups for advice on how to handle such situations."
"Can I ask for a female officer if I am uncomfortable with a male officer?","You can request a female officer, especially in cases involving sensitive issues like domestic violence or sexual assault. Availability may depend on staffing."
"What happens if the police damage my property while executing a search warrant?","You can file a claim with the police department for property damage. Depending on the outcome of the investigation, you may be entitled to compensation."
"Is it legal to consume alcohol and drive in Goa?","No, it is illegal to drive under the influence of alcohol in Goa. The legal blood alcohol content (BAC) limit is 0.08%. Driving over this limit can lead to heavy fines, license suspension, and even imprisonment. It’s advisable to use public transportation or a designated driver if you plan to drink."
"Are there any restrictions on carrying drugs in Goa?","Yes, carrying or consuming illegal drugs in Goa is strictly prohibited and can lead to severe legal consequences, including arrest and imprisonment. Always adhere to local laws regarding substance use."
"Can I swim in the ocean at any beach in Goa?","Swimming is allowed at most beaches, but it's essential to pay attention to warning flags and local advisories regarding safety conditions, such as strong currents and jellyfish."
"What should I do if I get into a minor accident?","Exchange contact and insurance information with the other party involved. If there are injuries or significant damage, it’s advisable to contact the police to document the incident."
"Are there any dress codes I should follow in Goa?","While Goa is generally liberal, modest attire is recommended when visiting temples and churches. Beachwear is appropriate at the beach but should be covered when going to shops or restaurants."
"Is it safe to travel alone in Goa?","Many solo travelers visit Goa without issues, but it’s wise to stay aware of your surroundings, avoid secluded areas at night, and use reputable transportation services."
"What should I do if I feel threatened or unsafe?","Trust your instincts and seek help immediately. You can call the police at 100 or approach any nearby police officer or local authority."
"How do I find out about local emergency services?","Emergency numbers include 100 for police, 101 for fire services, and 102 for ambulances. Information can also be found at local tourist information centers."
"What vaccinations do I need before visiting Goa?","It's recommended to be up-to-date on routine vaccinations and consider vaccines for Hepatitis A, Typhoid, and Tetanus. Consult a healthcare provider for personalized advice."
"Are there any specific customs I should be aware of when meeting locals?","Greet people with a smile and a polite handshake. In some cases, a slight bow of the head is also appreciated. It's customary to remove shoes before entering someone's home."
"What are the laws regarding photography in Goa?","Photography is generally allowed, but avoid taking pictures of military installations, government buildings, and individuals without their consent. Always ask permission before photographing locals."
"Can I participate in water sports while pregnant?","It’s best to consult a doctor before engaging in water sports while pregnant, as activities like parasailing and jet skiing can be risky."
"Are there any specific laws regarding littering in Goa?","Yes, littering is prohibited in Goa, and violators can face fines. It's important to keep the environment clean by disposing of waste properly."
"How should I handle disputes with locals or businesses?","Approach the situation calmly and try to resolve it amicably. If necessary, involve a local authority or contact the police for mediation."
"What is the legal age for purchasing alcohol in Goa?","The legal drinking age in Goa is 18 years. Always carry identification to prove your age when purchasing alcohol."
"Is it permissible to bring back souvenirs made from wildlife?","No, it is illegal to bring back items made from endangered species or wildlife products. Always check customs regulations regarding what can be legally imported."
"Are there any restrictions on public displays of affection?","While Goa is more liberal than other parts of India, excessive public displays of affection may be frowned upon. It's best to be respectful and mindful of local norms."
"What are the rules regarding smoking in public places?","Smoking is prohibited in public indoor spaces, public transport, and certain outdoor areas. Look for signs indicating where smoking is allowed."
"Can I have a bonfire on the beach?","Generally, bonfires on the beach are not permitted due to safety and environmental concerns. Always check local regulations before planning a gathering."
"Is there any public transportation available late at night?","Public transportation options may be limited late at night. It’s advisable to use taxis or ride-hailing services for safe transportation after dark."
"Is it safe to drink tap water in Goa?","It is generally advised not to drink tap water in Goa. Opt for bottled water or boiled water to avoid stomach issues."
"What should I do if I lose my passport while in Goa?","Report the loss to the local police and obtain a copy of the police report. You should then contact your country's embassy or consulate for assistance in getting a replacement."
"Are there any restrictions on carrying cash in Goa?","While there are no specific restrictions, it's advisable to carry a reasonable amount of cash and use credit or debit cards where possible for safety."
"How do I contact my embassy in case of an emergency?","You can find contact information for your embassy or consulate online or through your hotel. Most embassies have 24-hour emergency hotlines."
"What should I know about local wildlife and safety?","Be cautious of wildlife, such as monkeys and snakes. Do not feed or approach animals, as they can be unpredictable."
"Are there any safety concerns regarding street food in Goa?","While many tourists enjoy street food, it’s important to choose vendors with good hygiene practices to avoid foodborne illnesses."
"What are the laws regarding beach parties in Goa?","Beach parties are common, but they must comply with local regulations regarding noise and alcohol consumption. Always check for any permits required."
"How do I report a lost item?","Report lost items to the nearest police station and provide a detailed description. You can also check with local businesses or lost and found services."
"Is it advisable to rent a scooter or bike in Goa?","Renting a scooter or bike can be convenient, but ensure you have a valid driver's license, wear a helmet, and drive cautiously. Traffic can be chaotic."
"Can I use my foreign driver's license in Goa?","Yes, you can use your foreign driver's license in Goa, but it’s advisable to carry an International Driving Permit (IDP) for ease of understanding."
"What should I do if I am a victim of theft?","Report the theft to the local police as soon as possible and provide any evidence or details. Obtain a copy of the police report for insurance claims."
"Are there any cultural practices I should be aware of?","Respect local customs and traditions, such as removing shoes before entering homes and dressing modestly when visiting religious sites."
"What should I do if I have a medical emergency?","Call for medical assistance or go to the nearest hospital. Carry travel insurance that covers medical emergencies for added peace of mind."
"How can I find out about local events and festivals?","Check local tourism websites, community boards, or ask at your hotel for information about upcoming events and festivals during your visit."
"Is it safe to travel during monsoon season in Goa?","While Goa is beautiful during the monsoon, heavy rains can lead to flooding and travel disruptions. Stay informed about weather conditions and plan accordingly."
"Can I take photographs at religious sites?","Photography may be restricted in some religious sites. Always ask for permission before taking pictures and respect any guidelines provided."
"What should I do if I encounter stray animals?","Avoid approaching or feeding stray animals, as they can carry diseases. If you see an injured animal, report it to local animal welfare organizations."
"Are there any specific laws regarding noise pollution?","Yes, there are laws against excessive noise, especially at night. Respect local noise regulations to avoid fines or complaints from residents."
"What kind of insurance do I need while traveling in Goa?","Travel insurance covering health, theft, and trip cancellations is advisable. Ensure it includes coverage for activities you plan to engage in."
"How do I access local healthcare services?","For minor ailments, visit a local pharmacy. For serious issues, go to a hospital. Many healthcare facilities have English-speaking staff."
"Can I bring my pet to Goa?","Bringing pets to Goa requires adherence to specific regulations, including vaccinations and health certificates. Check with airlines and local authorities for guidelines."
"What are the main police stations in Goa?","The main police stations in Goa include the Panaji Police Station, Margao Police Station, Vasco Police Station, and Mapusa Police Station. Each serves different areas of the state."
"What is the contact number for the Goa Police Headquarters?","The contact number for the Goa Police Headquarters is +91-832-222-1111."
"How can I file a complaint at a police station in Goa?","You can file a complaint in person at any police station in Goa. Provide necessary details, including your identification and any evidence related to the complaint."
"Are there any dedicated police units for specific issues in Goa?","Yes, Goa Police has specialized units, such as the Crime Branch, Anti-Narcotics Cell, and Cyber Crime Cell, to address specific types of crime."
"Who is the current Director General of Police (DGP) of Goa?","As of today the current DGP of Goa is Shri Alok Kumar.."
"What are the visiting hours for police stations in Goa?","Visiting hours may vary by station, but most police stations are open 24/7. It's best to call ahead to confirm specific hours."
"Can I meet with the police commissioner to discuss a concern?","Yes, you can request an appointment with the police commissioner through the police headquarters or local police station."
"Is there a women’s police station in Goa?","Yes, there is a dedicated women’s police station in Goa to address crimes against women and provide support."
"How can I find information about a specific police officer?","You can contact the local police station or check the Goa Police website for information about specific officers and their roles."
"What initiatives are undertaken by Goa Police for community engagement?","Goa Police conducts various community outreach programs, such as awareness campaigns, neighborhood watch initiatives, and public forums."
"Are there any police helplines for reporting crimes in Goa?","Yes, you can call 100 for emergency assistance and 1090 for women’s safety helpline in Goa."
"What is the protocol for police responses to emergencies?","In emergencies, Goa Police follows a standard protocol, including dispatching officers to the scene, assessing the situation, and providing necessary assistance."
"How do I file an RTI (Right to Information) request with Goa Police?","You can file an RTI request by submitting a written application to the Public Information Officer at the Goa Police Headquarters or through their website."
"What training do Goa Police officers receive?","Goa Police officers undergo rigorous training at the police academy, including physical training, legal education, and specialized training in various policing aspects."
"How does Goa Police ensure transparency and accountability?","Goa Police promotes transparency through regular public interactions, community engagement, and oversight mechanisms, including the Police Complaints Authority."
"What is the organisation structure of police","https://citizen.goapolice.gov.in/web/guest/organisation-structure"
"Who is Inspector general of police","Currently Shri Omvir Singh Bishnoi is serving as IGP of Police"
"Who is Superintendent of police of goa police","Currently There are 12 SP appointed under DIG Shri Omvir Singh Bishnoi where Shri Rahul Gupta serves as the SP for Crime while Akshat Kaushal is currently the SP for Traffic."
"How many police stations are there in Goa","There are 31 Police Stations in Goa, of which 13 are in North and 18 in South District."
"Share the conatct details of DGP","Telephone directory Number: 2428360 Gmail:dgpgoa[at]goapolice[dot]gov[dot]in"
"Share the conatct details of IGP","Telephone directory Number: 2428738 Gmail:igpgoa[at]goapolice[dot]gov[dot]in"
"Share the conatct details of Inspector general of police(Crime and range)","gmail: digpgoa[at]goapolice[dot]gov[dot]in"
"Share the contact details of the police station","Please refer to https://citizen.goapolice.gov.in/web/guest/phone"
"What is an FIR?", "An FIR (First Information Report) is a written document prepared by the police when they receive information about the commission of a cognizable offense."
"Who can file an FIR?", "Anyone who has knowledge about the commission of a cognizable offense whether they are a victim a witness or someone with information can file an FIR."
"Where can an FIR be filed?", "An FIR can be filed at any police station that has jurisdiction over the area where the crime occurred."
"Can an FIR be filed online in Goa?", "Yes in Goa FIRs can be filed online through the Goa Police official website."
"What is the importance of an FIR?", "An FIR marks the beginning of a police investigation and is used to document the occurrence of a cognizable crime."
"Can I file an FIR anonymously?", "In most cases an FIR must contain the name of the informant but complaints for sensitive cases may allow some anonymity."
"What information is required to file an FIR?", "You need details about the offense the time and place of occurrence names of people involved (if known) and any other relevant information."
"Can an FIR be registered in any language?", "The FIR is usually recorded in the local language of the police station which in Goa would typically be Konkani Marathi or English."
"Is it mandatory for the police to register an FIR?", "Yes it is mandatory for the police to register an FIR if the offense is cognizable."
"What is a cognizable offense?", "A cognizable offense is one where the police can arrest without a warrant and initiate an investigation without court permission."
"Is there any cost involved in filing an FIR?", "No filing an FIR is free of cost."
"What if the police refuse to file an FIR?", "If the police refuse to file an FIR you can contact the Superintendent of Police file a complaint in court or report to a higher authority."
"Can I get a copy of the FIR?", "Yes a copy of the FIR is provided free of cost to the person filing it."
"What if I am not able to file an FIR in person?", "You may file an FIR over the phone in some cases or through written correspondence or online if applicable."
"How soon after an incident should an FIR be filed?", "An FIR should be filed as soon as possible after the incident to ensure prompt investigation."
"Can an FIR be modified once registered?", "No an FIR cannot be modified but you can provide additional information in supplementary statements."
"What happens after filing an FIR?", "After an FIR is filed the police begin an investigation which may involve collecting evidence taking statements and arresting suspects."
"Can I withdraw an FIR after filing it?", "Generally an FIR cannot be withdrawn especially in the case of serious crimes However in some instances a compromise may be allowed with court approval."
"Can false FIR lead to legal consequences?", "Yes filing a false FIR can lead to legal consequences including charges for providing false information to the police."
"How can I check the status of an FIR?", "You can check the status of an FIR by visiting the police station where it was filed or through the online portal if available."
"What is a zero FIR?", "A zero FIR is an FIR that can be filed at any police station irrespective of the jurisdiction which is later transferred to the relevant police station."
"Is it possible to file an FIR for a non-cognizable offense?", "No for non-cognizable offenses you need to file a complaint and the police require a magistrate's order to investigate."
"Can a family member file an FIR on behalf of the victim?", "Yes a family member or any individual with knowledge of the crime can file an FIR on behalf of the victim."
"What should I do if my FIR is not investigated properly?", "You can approach a higher police officer file a petition in court or approach the State or National Human Rights Commission."
"Is there a time limit for filing an FIR?", "There is no fixed time limit but it's advisable to file as soon as possible as delays can weaken the investigation."
"Do I need a lawyer to file an FIR?", "No you do not need a lawyer to file an FIR it is a simple procedure that anyone can initiate."
"Can the accused see a copy of the FIR?", "Yes the accused has the right to obtain a copy of the FIR."
"What details are included in an FIR?", "An FIR includes details of the informant date and time of the incident location description of the offense and any suspects involved."
"Can an FIR be filed for a missing person?", "Yes an FIR can be filed for a missing person to initiate a search by the police."
"What if the FIR contains incorrect information?", "If there is incorrect information in an FIR you should promptly notify the investigating officer to correct the record."
"How long does it take to register an FIR?", "It usually takes 15-30 minutes to register an FIR depending on the complexity of the information."
"Can an FIR be filed for theft?", "Yes an FIR can be filed for theft as it is a cognizable offense."
"Can an FIR be filed for cybercrime?", "Yes an FIR can be filed for cybercrime either at the local police station or through a cybercrime cell."
"What is the difference between an FIR and a complaint?", "An FIR is registered for cognizable offenses while a complaint can be for both cognizable and non-cognizable offenses and might require a magistrate's order."
"Can I lodge an FIR if the crime happened in a different state?", "You can file a zero FIR at any police station and it will be transferred to the appropriate jurisdiction."
"What documents are needed to file an FIR?", "Generally no specific documents are required but any evidence supporting your statement can be helpful."
"What is the role of an informant in an FIR?", "The informant provides details of the crime which helps the police initiate an investigation."
"Can an FIR be lodged over the phone?", "In some emergency situations FIRs may be lodged over the phone but usually a written version is required later."
"How does an FIR lead to an arrest?", "Based on the details in the FIR if there is enough evidence the police may arrest the suspects involved."
"Can I add witnesses in an FIR?", "Yes details of witnesses can be mentioned in an FIR and they may be called for further statements."
"Can the police refuse to file an FIR for a minor incident?", "If the incident involves a cognizable offense the police cannot refuse to file an FIR regardless of the severity."
"What is the penalty for not filing an FIR by the police?", "The officer may face disciplinary actions and you can also approach the higher authorities or court."
"Does an FIR guarantee an investigation?", "Yes once an FIR is registered the police are obligated to start an investigation."
"Is a copy of the FIR given to the accused?", "No but the accused can obtain a certified copy through their legal counsel."
"Can an FIR be filed at night?", "Yes most police stations are open 24/7 to file an FIR."
"Can an FIR be filed against public officials?", "Yes an FIR can be filed against public officials if they have committed a cognizable offense."
"Can I mention more than one crime in a single FIR?", "Yes multiple offenses related to the same incident can be mentioned in a single FIR."
"What happens if there are discrepancies in the FIR?", "The discrepancies can be addressed during the investigation and the final report may clarify or correct them."
"Who signs the FIR?", "The informant and the police officer recording the FIR must both sign it."
"Is an FIR admissible as evidence in court?", "An FIR is not substantive evidence but can be used to corroborate or contradict statements in court."
"What is a Police Clearance Certificate (PCC)?","A Police Clearance Certificate (PCC) is an official document issued by the police stating that the applicant has no criminal record"
"Who can apply for a Police Clearance Certificate?","Any resident requiring proof of a clean criminal record for job applications visas or immigration purposes can apply for a PCC"
"How can I apply for a Police Clearance Certificate in Goa?","You can apply for a Police Clearance Certificate at your local police station or online through the Goa Police website"
"What documents are needed for a Police Clearance Certificate?","Documents required for a PCC include proof of identity such as an Aadhar card proof of address passport photographs and a written application"
"What is the processing time for a Police Clearance Certificate?","The processing time for a PCC is typically between 7-15 days depending on the verification process"
"Is there a fee for obtaining a Police Clearance Certificate?","Yes there is a nominal fee for applying for a PCC which varies depending on the jurisdiction"
"What is a Character Certificate?","A Character Certificate is issued by the police stating that an individual has a good character with no criminal activities recorded"
"Who needs a Character Certificate?","A Character Certificate is often required by students employees or individuals needing proof of good conduct for employment education or immigration"
"How can I obtain a Character Certificate from the police?","You need to submit an application at your local police station along with identity proof address proof and other relevant documents"
"Is there an online option for applying for a Character Certificate in Goa?","Yes you can apply for a Character Certificate online through the Goa Police official website"
"What is a Tenant Verification Certificate?","A Tenant Verification Certificate is a document issued by the police after verifying the background of a tenant before they rent a property"
"Why is tenant verification important?","Tenant verification is important to ensure the safety and security of the property owner and the neighborhood"
"How can I apply for tenant verification?","You can apply for tenant verification by submitting details of the tenant to the local police station or through the Goa Police online portal"
"Is tenant verification mandatory in Goa?","Yes tenant verification is recommended and in some cases mandatory for landlords to ensure the safety of their property"
"What is an Identity Verification Certificate?","An Identity Verification Certificate is issued by the police to confirm the identity of an individual for official purposes"
"When is an Identity Verification Certificate required?","An Identity Verification Certificate may be required for bank purposes passport applications or other official verifications"
"What is a Lost Article Report?","A Lost Article Report is a document issued by the police to officially declare that an item such as a mobile phone or important document has been lost"
"How can I file a Lost Article Report?","You can file a Lost Article Report at your local police station or online through the Goa Police website"
"Is there a fee for filing a Lost Article Report?","No filing a Lost Article Report is generally free of cost"
"What is an Arms License Verification?","An Arms License Verification is conducted by the police to verify an individual's background before issuing or renewing a firearms license"
"What documents are needed for Arms License Verification?","Documents required include identity proof proof of address and reasons for obtaining the arms license"
"What is a No Objection Certificate (NOC) issued by the police?","A No Objection Certificate (NOC) is issued by the police stating that they have no objection to a particular activity such as the opening of a business"
"How can I obtain a Police NOC?","You need to submit an application for a Police NOC at your local police station along with required documents such as identity proof address proof and details of the activity"
"What is a Verification Certificate for Domestic Workers?","A Verification Certificate for Domestic Workers is issued by the police to confirm the background of a domestic worker before hiring"
"Why is verification of domestic workers necessary?","Verification helps ensure the safety of your household and minimizes the risk of employing individuals with a criminal background"
"How can I apply for domestic worker verification?","You can apply for domestic worker verification by submitting their details to the local police station or through the Goa Police online portal"
"Is there a fee for domestic worker verification?","Yes there may be a nominal fee for the verification of domestic workers"
"What is a Vehicle Verification Certificate?","A Vehicle Verification Certificate is issued by the police to confirm the ownership and legality of a vehicle often required for sale or transfer"
"How can I apply for Vehicle Verification?","You can apply for Vehicle Verification at the local police station by providing documents like the vehicle registration certificate proof of ownership and identity proof"
"What is the purpose of an Employer Verification Certificate?","An Employer Verification Certificate is issued by the police to verify the background of an employer or a company for the purpose of employment"
"How can I obtain an Employer Verification Certificate?","To obtain an Employer Verification Certificate you need to apply at the local police station and submit relevant documents including identity proof and details of the employer"
"What is a Passport Verification Certificate?","A Passport Verification Certificate is issued by the police to confirm the applicant's identity address and character before issuing a passport"
"How long does the passport verification process take?","The passport verification process usually takes 2-3 weeks depending on the thoroughness of the police investigation"
"What is a Servant Verification Certificate?","A Servant Verification Certificate is issued by the police after verifying the background of a servant or domestic help before hiring"
"How is a Servant Verification Certificate useful?","It helps ensure that the servant or domestic help does not have any criminal background contributing to the safety of your household"
"How can I apply for a Servant Verification Certificate?","You can apply for a Servant Verification Certificate at the local police station or through the online Goa Police portal by submitting their details"
"What is a Witness Protection Certificate?","A Witness Protection Certificate is issued by the police to provide safety and anonymity to witnesses involved in sensitive legal cases"
"Who can apply for a Witness Protection Certificate?","Any witness who feels threatened due to their involvement in a criminal case can apply for this certificate"
"What is a Good Conduct Certificate?","A Good Conduct Certificate is issued by the police to certify that an individual has maintained good behavior and has no criminal record"
"When is a Good Conduct Certificate required?","It is often required for job applications visa processes or other official requirements where proof of good conduct is necessary"
"How can I obtain a Good Conduct Certificate?","You need to submit an application along with identity proof and address proof to the local police station for a Good Conduct Certificate"
"What is a Road Accident Certificate?","A Road Accident Certificate is issued by the police to certify that a road accident has been reported and investigated"
"Why is a Road Accident Certificate important?","It is important for insurance claims and legal proceedings related to the accident"
"How can I get a Road Accident Certificate?","You can apply for a Road Accident Certificate at the police station where the accident was reported"
"Is there a fee for a Road Accident Certificate?","There may be a small fee involved in obtaining a Road Accident Certificate"
"What is a Missing Person Certificate?","A Missing Person Certificate is issued by the police to officially declare that an individual has gone missing after investigation"
"How can I apply for a Missing Person Certificate?","You need to file an FIR at your local police station and after the investigation you can request a Missing Person Certificate"
"What is a No Criminal Record Certificate?","A No Criminal Record Certificate is issued by the police stating that the applicant has no record of involvement in any criminal activities"
"Who can apply for a No Criminal Record Certificate?","Any individual needing proof of a clean criminal record typically for employment or immigration purposes can apply for this certificate"
"How can I obtain a No Criminal Record Certificate?","You can obtain a No Criminal Record Certificate by submitting an application at the local police station with identity proof and address proof"